<?xml version="1.0" encoding="UTF-8"?>
<project-private xmlns="http://www.netbeans.org/ns/project-private/1">
    <editor-bookmarks xmlns="http://www.netbeans.org/ns/editor-bookmarks/2" lastBookmarkId="0"/>
    <open-files xmlns="http://www.netbeans.org/ns/projectui-open-files/2">
        <group>
            <file>file:/C:/xampp/htdocs/individualProject_MethodB/postURL.php</file>
            <file>file:/C:/xampp/htdocs/individualProject_MethodB/takeAttendance_teacher.html</file>
            <file>file:/C:/xampp/htdocs/individualProject_MethodB/courseDetail.html</file>
            <file>file:/C:/xampp/htdocs/individualProject_MethodB/accountCheck.php</file>
            <file>file:/C:/xampp/htdocs/individualProject_MethodB/historyProcessing.php</file>
            <file>file:/C:/xampp/htdocs/individualProject_MethodB/displayPostedURL.php</file>
            <file>file:/C:/xampp/htdocs/individualProject_MethodB/accountListDisplay.php</file>
            <file>file:/C:/xampp/htdocs/individualProject_MethodB/takeAttendance_teacher.php</file>
        </group>
    </open-files>
</project-private>
