<?xml version="1.0" encoding="UTF-8"?>
<project-private xmlns="http://www.netbeans.org/ns/project-private/1">
    <editor-bookmarks xmlns="http://www.netbeans.org/ns/editor-bookmarks/2" lastBookmarkId="0"/>
    <open-files xmlns="http://www.netbeans.org/ns/projectui-open-files/2">
        <group>
            <file>file:/C:/Users/ww631/OneDrive%20-%20City%20University%20of%20Hong%20Kong/CCCU/CCCU%20year%202/sem%20B/AST20201%20Web%20Programming/Group%20Project/GroupProject/web/login.jsp</file>
            <file>file:/C:/Users/ww631/OneDrive%20-%20City%20University%20of%20Hong%20Kong/CCCU/CCCU%20year%202/sem%20B/AST20201%20Web%20Programming/Group%20Project/GroupProject/web/accountCheck.jsp</file>
            <file>file:/C:/Users/ww631/OneDrive%20-%20City%20University%20of%20Hong%20Kong/CCCU/CCCU%20year%202/sem%20B/AST20201%20Web%20Programming/Group%20Project/GroupProject/web/shoppingCart.html</file>
            <file>file:/C:/Users/ww631/OneDrive%20-%20City%20University%20of%20Hong%20Kong/CCCU/CCCU%20year%202/sem%20B/AST20201%20Web%20Programming/Group%20Project/GroupProject/web/searchResult.jsp</file>
            <file>file:/C:/Users/ww631/OneDrive%20-%20City%20University%20of%20Hong%20Kong/CCCU/CCCU%20year%202/sem%20B/AST20201%20Web%20Programming/Group%20Project/GroupProject/web/homepage.html</file>
            <file>file:/C:/Users/ww631/OneDrive%20-%20City%20University%20of%20Hong%20Kong/CCCU/CCCU%20year%202/sem%20B/AST20201%20Web%20Programming/Group%20Project/GroupProject/web/retailStore.jsp</file>
            <file>file:/C:/Users/ww631/OneDrive%20-%20City%20University%20of%20Hong%20Kong/CCCU/CCCU%20year%202/sem%20B/AST20201%20Web%20Programming/Group%20Project/GroupProject/web/loginCheck.jsp</file>
            <file>file:/C:/Users/ww631/OneDrive%20-%20City%20University%20of%20Hong%20Kong/CCCU/CCCU%20year%202/sem%20B/AST20201%20Web%20Programming/Group%20Project/GroupProject/web/shoppingCart.jsp</file>
            <file>file:/C:/Users/ww631/OneDrive%20-%20City%20University%20of%20Hong%20Kong/CCCU/CCCU%20year%202/sem%20B/AST20201%20Web%20Programming/Group%20Project/GroupProject/web/removeProduct.jsp</file>
            <file>file:/C:/Users/ww631/OneDrive%20-%20City%20University%20of%20Hong%20Kong/CCCU/CCCU%20year%202/sem%20B/AST20201%20Web%20Programming/Group%20Project/GroupProject/web/addProduct.jsp</file>
            <file>file:/C:/Users/ww631/OneDrive%20-%20City%20University%20of%20Hong%20Kong/CCCU/CCCU%20year%202/sem%20B/AST20201%20Web%20Programming/Group%20Project/GroupProject/web/changeQty.jsp</file>
            <file>file:/C:/Users/ww631/OneDrive%20-%20City%20University%20of%20Hong%20Kong/CCCU/CCCU%20year%202/sem%20B/AST20201%20Web%20Programming/Group%20Project/GroupProject/web/addProduct_edit_page.jsp</file>
        </group>
    </open-files>
</project-private>
